Path,Method,Schema,Model Name,Supported,Datasource,Resource
/apps/qos.eda.nokia.com,GET,AppGroup,app_group,true,true,false
/apps/qos.eda.nokia.com/v2,GET,ResourceList,resource_list,true,true,false
/apps/qos.eda.nokia.com/v2/_ui/{pathname},GET,UIResult,,false,false,false
/apps/qos.eda.nokia.com/v2/egresspolicys,GET,com.nokia.eda.qos.v2.EgressPolicyList,,false,false,false
/apps/qos.eda.nokia.com/v2/forwardingclasss,GET,com.nokia.eda.qos.v2.ForwardingClassList,,false,false,false
/apps/qos.eda.nokia.com/v2/ingresspolicys,GET,com.nokia.eda.qos.v2.IngressPolicyList,,false,false,false
/apps/qos.eda.nokia.com/v2/namespaces/{namespace}/egresspolicys,DELETE,com.nokia.eda.qos.v2.EgressPolicyList,,false,false,false
/apps/qos.eda.nokia.com/v2/namespaces/{namespace}/egresspolicys,GET,com.nokia.eda.qos.v2.EgressPolicyList,egress_policy_list,true,true,false
/apps/qos.eda.nokia.com/v2/namespaces/{namespace}/egresspolicys,POST,com.nokia.eda.qos.v2.EgressPolicy,egress_policy,true,false,true
/apps/qos.eda.nokia.com/v2/namespaces/{namespace}/egresspolicys/_deleted,GET,com.nokia.eda.qos.v2.EgressPolicy_DeletedResources,,false,false,false
/apps/qos.eda.nokia.com/v2/namespaces/{namespace}/egresspolicys/{name},DELETE,Status,egress_policy,true,false,true
/apps/qos.eda.nokia.com/v2/namespaces/{namespace}/egresspolicys/{name},GET,com.nokia.eda.qos.v2.EgressPolicy,egress_policy,true,true,true
/apps/qos.eda.nokia.com/v2/namespaces/{namespace}/egresspolicys/{name},PATCH,com.nokia.eda.qos.v2.EgressPolicy,,false,false,false
/apps/qos.eda.nokia.com/v2/namespaces/{namespace}/egresspolicys/{name},PUT,com.nokia.eda.qos.v2.EgressPolicy,egress_policy,true,false,true
/apps/qos.eda.nokia.com/v2/namespaces/{namespace}/egresspolicys/{name}/_revs,GET,ResourceHistory,,false,false,false
/apps/qos.eda.nokia.com/v2/namespaces/{namespace}/egresspolicys/{name}/_targets,GET,IntentTargets,,false,false,false
/apps/qos.eda.nokia.com/v2/namespaces/{namespace}/egresspolicys/{name}/_topology,POST,K8STopologyRequest,,false,false,false
/apps/qos.eda.nokia.com/v2/namespaces/{namespace}/forwardingclasss,DELETE,com.nokia.eda.qos.v2.ForwardingClassList,,false,false,false
/apps/qos.eda.nokia.com/v2/namespaces/{namespace}/forwardingclasss,GET,com.nokia.eda.qos.v2.ForwardingClassList,forwarding_class_list,true,true,false
/apps/qos.eda.nokia.com/v2/namespaces/{namespace}/forwardingclasss,POST,com.nokia.eda.qos.v2.ForwardingClass,forwarding_class,true,false,true
/apps/qos.eda.nokia.com/v2/namespaces/{namespace}/forwardingclasss/_deleted,GET,com.nokia.eda.qos.v2.ForwardingClass_DeletedResources,,false,false,false
/apps/qos.eda.nokia.com/v2/namespaces/{namespace}/forwardingclasss/{name},DELETE,Status,forwarding_class,true,false,true
/apps/qos.eda.nokia.com/v2/namespaces/{namespace}/forwardingclasss/{name},GET,com.nokia.eda.qos.v2.ForwardingClass,forwarding_class,true,true,true
/apps/qos.eda.nokia.com/v2/namespaces/{namespace}/forwardingclasss/{name},PATCH,com.nokia.eda.qos.v2.ForwardingClass,,false,false,false
/apps/qos.eda.nokia.com/v2/namespaces/{namespace}/forwardingclasss/{name},PUT,com.nokia.eda.qos.v2.ForwardingClass,forwarding_class,true,false,true
/apps/qos.eda.nokia.com/v2/namespaces/{namespace}/forwardingclasss/{name}/_revs,GET,ResourceHistory,,false,false,false
/apps/qos.eda.nokia.com/v2/namespaces/{namespace}/forwardingclasss/{name}/_targets,GET,IntentTargets,,false,false,false
/apps/qos.eda.nokia.com/v2/namespaces/{namespace}/forwardingclasss/{name}/_topology,POST,K8STopologyRequest,,false,false,false
/apps/qos.eda.nokia.com/v2/namespaces/{namespace}/ingresspolicys,DELETE,com.nokia.eda.qos.v2.IngressPolicyList,,false,false,false
/apps/qos.eda.nokia.com/v2/namespaces/{namespace}/ingresspolicys,GET,com.nokia.eda.qos.v2.IngressPolicyList,ingress_policy_list,true,true,false
/apps/qos.eda.nokia.com/v2/namespaces/{namespace}/ingresspolicys,POST,com.nokia.eda.qos.v2.IngressPolicy,ingress_policy,true,false,true
/apps/qos.eda.nokia.com/v2/namespaces/{namespace}/ingresspolicys/_deleted,GET,com.nokia.eda.qos.v2.IngressPolicy_DeletedResources,,false,false,false
/apps/qos.eda.nokia.com/v2/namespaces/{namespace}/ingresspolicys/{name},DELETE,Status,ingress_policy,true,false,true
/apps/qos.eda.nokia.com/v2/namespaces/{namespace}/ingresspolicys/{name},GET,com.nokia.eda.qos.v2.IngressPolicy,ingress_policy,true,true,true
/apps/qos.eda.nokia.com/v2/namespaces/{namespace}/ingresspolicys/{name},PATCH,com.nokia.eda.qos.v2.IngressPolicy,,false,false,false
/apps/qos.eda.nokia.com/v2/namespaces/{namespace}/ingresspolicys/{name},PUT,com.nokia.eda.qos.v2.IngressPolicy,ingress_policy,true,false,true
/apps/qos.eda.nokia.com/v2/namespaces/{namespace}/ingresspolicys/{name}/_revs,GET,ResourceHistory,,false,false,false
/apps/qos.eda.nokia.com/v2/namespaces/{namespace}/ingresspolicys/{name}/_targets,GET,IntentTargets,,false,false,false
/apps/qos.eda.nokia.com/v2/namespaces/{namespace}/ingresspolicys/{name}/_topology,POST,K8STopologyRequest,,false,false,false
/apps/qos.eda.nokia.com/v2/namespaces/{namespace}/policyattachments,DELETE,com.nokia.eda.qos.v2.PolicyAttachmentList,,false,false,false
/apps/qos.eda.nokia.com/v2/namespaces/{namespace}/policyattachments,GET,com.nokia.eda.qos.v2.PolicyAttachmentList,policy_attachment_list,true,true,false
/apps/qos.eda.nokia.com/v2/namespaces/{namespace}/policyattachments,POST,com.nokia.eda.qos.v2.PolicyAttachment,policy_attachment,true,false,true
/apps/qos.eda.nokia.com/v2/namespaces/{namespace}/policyattachments/_deleted,GET,com.nokia.eda.qos.v2.PolicyAttachment_DeletedResources,,false,false,false
/apps/qos.eda.nokia.com/v2/namespaces/{namespace}/policyattachments/{name},DELETE,Status,policy_attachment,true,false,true
/apps/qos.eda.nokia.com/v2/namespaces/{namespace}/policyattachments/{name},GET,com.nokia.eda.qos.v2.PolicyAttachment,policy_attachment,true,true,true
/apps/qos.eda.nokia.com/v2/namespaces/{namespace}/policyattachments/{name},PATCH,com.nokia.eda.qos.v2.PolicyAttachment,,false,false,false
/apps/qos.eda.nokia.com/v2/namespaces/{namespace}/policyattachments/{name},PUT,com.nokia.eda.qos.v2.PolicyAttachment,policy_attachment,true,false,true
/apps/qos.eda.nokia.com/v2/namespaces/{namespace}/policyattachments/{name}/_revs,GET,ResourceHistory,,false,false,false
/apps/qos.eda.nokia.com/v2/namespaces/{namespace}/policyattachments/{name}/_targets,GET,IntentTargets,,false,false,false
/apps/qos.eda.nokia.com/v2/namespaces/{namespace}/policyattachments/{name}/_topology,POST,K8STopologyRequest,,false,false,false
/apps/qos.eda.nokia.com/v2/namespaces/{namespace}/policydeployments,DELETE,com.nokia.eda.qos.v2.PolicyDeploymentList,,false,false,false
/apps/qos.eda.nokia.com/v2/namespaces/{namespace}/policydeployments,GET,com.nokia.eda.qos.v2.PolicyDeploymentList,policy_deployment_list,true,true,false
/apps/qos.eda.nokia.com/v2/namespaces/{namespace}/policydeployments,POST,com.nokia.eda.qos.v2.PolicyDeployment,policy_deployment,true,false,true
/apps/qos.eda.nokia.com/v2/namespaces/{namespace}/policydeployments/_deleted,GET,com.nokia.eda.qos.v2.PolicyDeployment_DeletedResources,,false,false,false
/apps/qos.eda.nokia.com/v2/namespaces/{namespace}/policydeployments/{name},DELETE,Status,policy_deployment,true,false,true
/apps/qos.eda.nokia.com/v2/namespaces/{namespace}/policydeployments/{name},GET,com.nokia.eda.qos.v2.PolicyDeployment,policy_deployment,true,true,true
/apps/qos.eda.nokia.com/v2/namespaces/{namespace}/policydeployments/{name},PATCH,com.nokia.eda.qos.v2.PolicyDeployment,,false,false,false
/apps/qos.eda.nokia.com/v2/namespaces/{namespace}/policydeployments/{name},PUT,com.nokia.eda.qos.v2.PolicyDeployment,policy_deployment,true,false,true
/apps/qos.eda.nokia.com/v2/namespaces/{namespace}/policydeployments/{name}/_revs,GET,ResourceHistory,,false,false,false
/apps/qos.eda.nokia.com/v2/namespaces/{namespace}/policydeployments/{name}/_targets,GET,IntentTargets,,false,false,false
/apps/qos.eda.nokia.com/v2/namespaces/{namespace}/policydeployments/{name}/_topology,POST,K8STopologyRequest,,false,false,false
/apps/qos.eda.nokia.com/v2/namespaces/{namespace}/queues,DELETE,com.nokia.eda.qos.v2.QueueList,,false,false,false
/apps/qos.eda.nokia.com/v2/namespaces/{namespace}/queues,GET,com.nokia.eda.qos.v2.QueueList,queue_list,true,true,false
/apps/qos.eda.nokia.com/v2/namespaces/{namespace}/queues,POST,com.nokia.eda.qos.v2.Queue,queue,true,false,true
/apps/qos.eda.nokia.com/v2/namespaces/{namespace}/queues/_deleted,GET,com.nokia.eda.qos.v2.Queue_DeletedResources,,false,false,false
/apps/qos.eda.nokia.com/v2/namespaces/{namespace}/queues/{name},DELETE,Status,queue,true,false,true
/apps/qos.eda.nokia.com/v2/namespaces/{namespace}/queues/{name},GET,com.nokia.eda.qos.v2.Queue,queue,true,true,true
/apps/qos.eda.nokia.com/v2/namespaces/{namespace}/queues/{name},PATCH,com.nokia.eda.qos.v2.Queue,,false,false,false
/apps/qos.eda.nokia.com/v2/namespaces/{namespace}/queues/{name},PUT,com.nokia.eda.qos.v2.Queue,queue,true,false,true
/apps/qos.eda.nokia.com/v2/namespaces/{namespace}/queues/{name}/_revs,GET,ResourceHistory,,false,false,false
/apps/qos.eda.nokia.com/v2/namespaces/{namespace}/queues/{name}/_targets,GET,IntentTargets,,false,false,false
/apps/qos.eda.nokia.com/v2/namespaces/{namespace}/queues/{name}/_topology,POST,K8STopologyRequest,,false,false,false
/apps/qos.eda.nokia.com/v2/policyattachments,GET,com.nokia.eda.qos.v2.PolicyAttachmentList,,false,false,false
/apps/qos.eda.nokia.com/v2/policydeployments,GET,com.nokia.eda.qos.v2.PolicyDeploymentList,,false,false,false
/apps/qos.eda.nokia.com/v2/queues,GET,com.nokia.eda.qos.v2.QueueList,,false,false,false
